{
  "family": "product-classifier-api",
  "networkMode": "awsvpc",
  "requiresCompatibilities": ["FARGATE"],
  "cpu": "512",
  "memory": "1024",
  "containerDefinitions": [
    {
      "name": "api",
      "image": "YOUR_ACCOUNT_ID.dkr.ecr.us-east-1.amazonaws.com/product-classifier:latest",
      "essential": true,
      "portMappings": [
        {
          "containerPort": 8000,
          "protocol": "tcp"
        }
      ],
      "environment": [
        {
          "name": "MLFLOW_TRACKING_URI",
          "value": "http://mlflow-alb-endpoint:5000"
        },
        {
          "name": "PORT",
          "value": "8000"
        },
        {
          "name": "HOST",
          "value": "0.0.0.0"
        },
        {
          "name": "AWS_DEFAULT_REGION",
          "value": "us-east-1"
        }
      ],
      "logConfiguration": {
        "logDriver": "awslogs",
        "options": {
          "awslogs-group": "/ecs/product-classifier-api",
          "awslogs-region": "us-east-1",
          "awslogs-stream-prefix": "ecs"
        }
      }
    }
  ]
}


